 ,Profession,Name,Icon,Quality,Category,Subtype,IsVersatile,IsFinesse,IsTwoHanded,DamageDice,StatNames,StatValues,EventName,EventAura,BoundSpell,GemSockets,SocketBonus,FlavorText,Materials,Quantity,OptionalMaterial,OptionalQuantity
0,Alchemy,Minor Healing Potion,134829,1,Consumable,Potion,nil,nil,nil,nil,,,,,RPT-C-MinHeal,,,,Empty Vial|Peacebloom|Silverleaf,1|1|1,,
0.75,Alchemy,Lesser Healing Potion,134830,1,Consumable,Potion,nil,nil,nil,nil,,,,,RPT-C-LesHeal,,,,Empty Vial|Briarthorn,1|1,,
1.5,Alchemy,Healing Potion,134831,1,Consumable,Potion,nil,nil,nil,nil,,,,,RPT-C-Heal,,,,Empty Vial|Briarthorn|Bruiseweed,1|1|1,,
2,Alchemy,Greater Healing Potion,134832,1,Consumable,Potion,nil,nil,nil,nil,,,,,RPT-C-GrHeal,,,,Empty Vial|Kingsblood|Liferoot,1|1|1,,
2.5,Alchemy,Superior Healing Potion,134833,1,Consumable,Potion,nil,nil,nil,nil,,,,,RPT-C-SupHeal,,,,Empty Vial|Sungrass|Khadgar's Whisker,1|1|1,,
3,Alchemy,Major Healing Potion,134834,1,Consumable,Potion,nil,nil,nil,nil,,,,,RPT-C-MajHeal,,,,Empty Vial|Golden Sansam|Mountain Silversage,1|2|1,,
0.25,Alchemy,Minor Mana Potion,134850,1,Consumable,Potion,nil,nil,nil,nil,,,,,RPT-C-MinMana,,,,Empty Vial|Silverleaf|Mageroyal,1|1|1,,
0.75,Alchemy,Lesser Mana Potion,134851,1,Consumable,Potion,nil,nil,nil,nil,,,,,RPT-C-LesMana,,,,Empty Vial|Mageroyal|Stranglekelp,1|1|1,,
1.5,Alchemy,Mana Potion,134852,1,Consumable,Potion,nil,nil,nil,nil,,,,,RPT-C-Mana,,,,Empty Vial|Stranglekelp|Kingsblood,1|1|1,,
2,Alchemy,Greater Mana Potion,134853,1,Consumable,Potion,nil,nil,nil,nil,,,,,RPT-C-GrMana,,,,Empty Vial|Khadgar's Whisker|Goldthorn,1|1|1,,
2.5,Alchemy,Superior Mana Potion,134854,1,Consumable,Potion,nil,nil,nil,nil,,,,,RPT-C-SupMana,,,,Empty Vial|Sungrass|Blindweed,1|2|2,,
3,Alchemy,Major Mana Potion,134855,1,Consumable,Potion,nil,nil,nil,nil,,,,,RPT-C-MajMana,,,,Empty Vial|Dreamfoil|Icecap,1|3|2,,
1,Alchemy,Elixir of Minor Strength,134836,1,Consumable,Elixir,nil,nil,nil,nil,,,,,RPT-C-EMinStr,,,,Empty Vial|Silverleaf|Earthroot,1|1|1,,
2,Alchemy,Elixir of Strength,134838,1,Consumable,Elixir,nil,nil,nil,nil,,,,,RPT-C-EStr,,,,Empty Vial|Earthroot|Kingsblood,1|1|1,,
3,Alchemy,Elixir of Greater Strength,134840,1,Consumable,Elixir,nil,nil,nil,nil,,,,,RPT-C-EGrStr,,,,Empty Vial|Sungrass|Gromsblood,1|1|1,,
1,Alchemy,Elixir of Minor Agility,134871,1,Consumable,Elixir,nil,nil,nil,nil,,,,,RPT-C-EMinAgi,,,,Empty Vial|Swiftthistle|Silverleaf,1|1|1,,
2,Alchemy,Elixir of Agility,134873,1,Consumable,Elixir,nil,nil,nil,nil,,,,,RPT-C-EAgi,,,,Empty Vial|Stranglekelp|Goldthorn,1|1|1,,
3,Alchemy,Elixir of Greater Agility,134875,1,Consumable,Elixir,nil,nil,nil,nil,,,,,RPT-C-EGrAgi,,,,Empty Vial|Sungrass|Goldthorn,1|1|1,,
1,Alchemy,Elixir of Minor Fortitude,134822,1,Consumable,Elixir,nil,nil,nil,nil,,,,,RPT-C-EMinFor,,,,Empty Vial|Earthroot|Peacebloom,1|2|1,,
2,Alchemy,Elixir of Fortitude,134824,1,Consumable,Elixir,nil,nil,nil,nil,,,,,RPT-C-EFor,,,,Empty Vial|Wild Steelbloom|Goldthorn,1|1|1,,
3,Alchemy,Elixir of Greater Fortitude,134826,1,Consumable,Elixir,nil,nil,nil,nil,,,,,RPT-C-EGrFor,,,,Empty Vial|Ragveil|Felweed,1|2|1,,
1,Alchemy,Elixir of Minor Intellect,134864,1,Consumable,Elixir,nil,nil,nil,nil,,,,,RPT-C-EMinInt,,,,Empty Vial|Mageroyal|Bruiseweed,1|1|1,,
2,Alchemy,Elixir of Intellect,134866,1,Consumable,Elixir,nil,nil,nil,nil,,,,,RPT-C-EInt,,,,Empty Vial|Blindweed|Khadgar's Whisker,1|1|1,,
3,Alchemy,Elixir of Greater Intellect,134868,1,Consumable,Elixir,nil,nil,nil,nil,,,,,RPT-C-EGrInt,,,,Empty Vial|Goldclover|Adder's Tongue,1|1|2,,
1,Alchemy,Elixir of Minor Spirit,134857,1,Consumable,Elixir,nil,nil,nil,nil,,,,,RPT-C-EMinSpi,,,,Empty Vial|Peacebloom|Earthroot,1|1|2,,
2,Alchemy,Elixir of Spirit,134859,1,Consumable,Elixir,nil,nil,nil,nil,,,,,RPT-C-ESpi,,,,Empty Vial|Bruiseweed|Briarthorn,1|2|2,,
3,Alchemy,Elixir of Greater Spirit,134861,1,Consumable,Elixir,nil,nil,nil,nil,,,,,RPT-C-EGrSpi,,,,Empty Vial|Liferoot|Bruiseweed,1|1|1,,
0.5,Inscription,Scroll of Strength I,134938,1,Consumable,Scroll,nil,nil,nil,nil,,,,,RPT-C-SStr1,,,,Light Parchment|Lion's Ink,1|2,,
1.5,Inscription,Scroll of Strength II,134938,1,Consumable,Scroll,nil,nil,nil,nil,,,,,RPT-C-SStr2,,,,Heavy Parchment|Royal Ink,1|2,,
2.5,Inscription,Scroll of Strength III,134938,1,Consumable,Scroll,nil,nil,nil,nil,,,,,RPT-C-SStr3,,,,Resilient Parchment|Apricate Ink,1|1,,
0.5,Inscription,Scroll of Agility I,134938,1,Consumable,Scroll,nil,nil,nil,nil,,,,,RPT-C-SDex1,,,,Light Parchment|Jadefire Ink,1|2,,
1.5,Inscription,Scroll of Agility II,134938,1,Consumable,Scroll,nil,nil,nil,nil,,,,,RPT-C-SDex2,,,,Heavy Parchment|Hunter's Ink,1|2,,
2.5,Inscription,Scroll of Agility III,134938,1,Consumable,Scroll,nil,nil,nil,nil,,,,,RPT-C-SDex3,,,,Resilient Parchment|Apricate Ink,1|1,,
0.5,Inscription,Scroll of Stamina I,134943,1,Consumable,Scroll,nil,nil,nil,nil,,,,,RPT-C-SCon1,,,,Light Parchment|Lion's Ink,1|2,,
1.5,Inscription,Scroll of Stamina II,134943,1,Consumable,Scroll,nil,nil,nil,nil,,,,,RPT-C-SCon2,,,,Heavy Parchment|Dawnstar Ink,1|2,,
2.5,Inscription,Scroll of Stamina III,134943,1,Consumable,Scroll,nil,nil,nil,nil,,,,,RPT-C-SCon3,,,,Resilient Parchment|Shadow Ink,1|1,,
0.5,Inscription,Scroll of Intellect I,134937,1,Consumable,Scroll,nil,nil,nil,nil,,,,,RPT-C-SInt1,,,,Light Parchment|Shimmering Ink,1|2,,
1.5,Inscription,Scroll of Intellect II,134937,1,Consumable,Scroll,nil,nil,nil,nil,,,,,RPT-C-SInt2,,,,Heavy Parchment|Fiery Ink,1|2,,
2.5,Inscription,Scroll of Intellect III,134937,1,Consumable,Scroll,nil,nil,nil,nil,,,,,RPT-C-SInt3,,,,Resilient Parchment|Cosmic Ink,1|1,,
0.5,Inscription,Scroll of Spirit I,134937,1,Consumable,Scroll,nil,nil,nil,nil,,,,,RPT-C-SSpi1,,,,Light Parchment|Ethereal Ink,1|2,,
1.5,Inscription,Scroll of Spirit II,134937,1,Consumable,Scroll,nil,nil,nil,nil,,,,,RPT-C-SSpi2,,,,Heavy Parchment|Darkflame Ink,1|2,,
2.5,Inscription,Scroll of Spirit III,134937,1,Consumable,Scroll,nil,nil,nil,nil,,,,,RPT-C-SSpi3,,,,Resilient Parchment|Cosmic Ink,1|1,,
0.5,Inscription,Scroll of Protection I,134943,1,Consumable,Scroll,nil,nil,nil,nil,,,,,RPT-C-SArm1,,,,Light Parchment|Moonglow Ink,1|2,,
1.5,Inscription,Scroll of Protection II,134943,1,Consumable,Scroll,nil,nil,nil,nil,,,,,RPT-C-SArm2,,,,Heavy Parchment|Snowfall Ink,1|2,,
2.5,Inscription,Scroll of Protection III,134943,1,Consumable,Scroll,nil,nil,nil,nil,,,,,RPT-C-SArm3,,,,Resilient Parchment|Apricate Ink,1|1,,
,,,,,,,,,,,,,,,,,,,,,,
,,,,,,,,,,,,,,,,,,,,,,
,,,,,,,,,,,,,,,,,,,,,,
,,,,,,,,,,,,,,,,,,,,,,
1,Blacksmithing,Steel Helmet,133124,1,Head,Plate,nil,nil,nil,nil,armor,1.4,,,nil,,nil,,Steel Bar|Heavy Leather,8|5,Ores and Ingots,1
1,Blacksmithing,Steel Chestplate,3998572,1,Chest,Plate,nil,nil,nil,nil,armor,1.6,,,nil,Red,nil,,Steel Bar|Heavy Leather,12|10,Ores and Ingots,1
1,Blacksmithing,Steel Gauntlets,3998573,1,Hands,Plate,nil,nil,nil,nil,armor,0.5,,,nil,,nil,,Steel Bar|Heavy Leather,4|3,Ores and Ingots,1
1,Blacksmithing,Steel Sabatons,3998570,1,Feet,Plate,nil,nil,nil,nil,armor|speed,0.4|-0.2,,,nil,,nil,,Steel Bar|Heavy Leather,4|3,Ores and Ingots,1
1,Blacksmithing,Steel Sword,3736884,1,Main Hand,Sword,false,false,false,1d8,meleeBonus|meleeHit,1|1,,,nil,,nil,,Steel Bar|Heavy Leather|Lesser Moonstone,6|2|3,Ores and Ingots,1
1,Blacksmithing,Steel Second,3736884,1,Off Hand,Sword,false,false,false,1d8,parryBonus|meleeHit,1|1,,,nil,,nil,,Steel Bar|Heavy Leather|Lesser Moonstone,6|2|3,Ores and Ingots,1
1,Blacksmithing,Steel Warglaive,3736977,1,Main Hand,Warglaive,false,true,false,1d8,bonusDemon|meleeHit,1|1,,,nil,,nil,,Steel Bar|Heavy Leather|Moss Agate,6|2|1,Ores and Ingots,1
1,Blacksmithing,Steel Twinblade,3736977,1,Off Hand,Warglaive,false,true,false,1d8,bonusDemon|parryBonus,1|1,,,nil,,nil,,Steel Bar|Heavy Leather|Moss Agate,6|2|1,Ores and Ingots,1
1,Blacksmithing,Steel Mace,3736884,1,Main Hand,Mace,false,false,false,1d8,meleeBonus|meleeHit,1|1,,,nil,,nil,,Steel Bar|Silver Bar|Heavy Leather,6|4|2,Ores and Ingots,1
1,Blacksmithing,Steel Maul,3736884,1,Off Hand,Mace,false,false,false,1d8,parryBonus|meleeHit,1|1,,,nil,,nil,,Steel Bar|Silver Bar|Heavy Leather,6|4|2,Ores and Ingots,1
1,Blacksmithing,Steel War Axe,3736874,1,Main Hand,Mace,false,false,false,1d8,meleeBonus|meleeHit,1|1,,,nil,,nil,,Steel Bar|Aquamarine|Heavy Leather,6|1|2,Ores and Ingots,1
1,Blacksmithing,Steel Hatchet,3736874,1,Off Hand,Mace,false,false,false,1d8,parryBonus|meleeHit,1|1,,,nil,,nil,,Steel Bar|Citrine|Heavy Leather,6|1|2,Ores and Ingots,1
1,Blacksmithing,Steel Dagger,3736888,1,Main Hand,Dagger,false,true,false,1d4,hasteHit|meleeHit,1|1,OnMeleeHit,RPTO-Dagger,nil,,nil,,Steel Bar|Medium Leather|Malachite,6|2|2,Ores and Ingots,1
1,Blacksmithing,Steel Shiv,3736888,1,Off Hand,Dagger,false,true,false,1d4,parryBonus|meleeHit,1|1,,,nil,,nil,,Steel Bar|Medium Leather|Malachite,6|2|2,Ores and Ingots,1
1,Blacksmithing,Right-Handed Steel Knuckles,132938,1,Main Hand,Fist Weapon,false,true,false,1d4,hasteHit|meleeHit,1|1,OnMeleeHit,RPTO-Dagger,nil,,nil,,Steel Bar|Medium Leather|Tigerseye,6|2|2,Ores and Ingots,1
1,Blacksmithing,Left-Handed Steel Knuckles,132938,1,Off Hand,Fist Weapon,false,true,false,1d4,hasteBonus|meleeHit,1|1,,,nil,,nil,,Steel Bar|Medium Leather|Tigerseye,6|2|2,Ores and Ingots,1
1,Blacksmithing,Steel Greatsword,3736886,1,Main Hand,Sword,false,false,true,1d10,meleeHit|meleeBonus,2|1,,,nil,,nil,,Steel Bar|Gold Bar|Heavy Leather|Lesser Moonstone,10|1|4|2,Ores and Ingots,1
1,Blacksmithing,Steel Spear,135130,1,Main Hand,Polearm,false,false,true,1d10,meleeHit|meleeBonus,2|1,,,nil,,nil,,Steel Bar|Star Wood|Heavy Leather,10|2|4,Ores and Ingots,1
1,Blacksmithing,Steel Warhammer,3736922,1,Main Hand,Mace,false,false,true,1d10,meleeBonus|meleeHit,2|1,,,nil,,nil,,Steel Bar|Gold Bar|Heavy Leather|Silver Bar,10|1|4|2,Ores and Ingots,1
1,Blacksmithing,Steel Battleaxe,3736877,1,Main Hand,Axe,false,false,true,1d10,meleeBonus|meleeHit,2|1,,,nil,,nil,,Steel Bar|Gold Bar|Heavy Leather|Aquamarine,10|1|4|2,Ores and Ingots,1
2,Blacksmithing,Heavy Mithril Helmet,133124,2,Head,Plate,nil,nil,nil,nil,armor|dodgeBonus,1.4|1,,,nil,,nil,,Mithril Bar|Thick Leather,8|5,Ores and Ingots,1
2,Blacksmithing,Heavy Mithril Chestplate,3998572,2,Chest,Plate,nil,nil,nil,nil,armor|dodgeBonus,1.6|1,,,nil,Red,nil,,Mithril Bar|Thick Leather,8|10,Ores and Ingots,1
2,Blacksmithing,Heavy Mithril Gauntlets,3998573,1,Hands,Plate,nil,nil,nil,nil,armor,0.5,,,nil,,nil,,Mithril Bar|Thick Leather,4|3,Ores and Ingots,1
2,Blacksmithing,Heavy Mithril Boots,3998570,1,Feet,Plate,nil,nil,nil,nil,armor|speed,0.4|-0.2,,,nil,,nil,,Mithril Bar|Thick Leather,4|3,Ores and Ingots,1
2,Blacksmithing,Mithril Sword,3736884,2,Main Hand,Sword,false,false,false,1d8,meleeBonus|meleeHit,1|2,,,nil,,nil,,Mithril Bar|Thick Leather|Lesser Moonstone,6|2|3,Ores and Ingots,1
2,Blacksmithing,Mithril Second,3736884,2,Off Hand,Sword,false,false,false,1d8,parryBonus|meleeHit|hasteHit,1|1|1,,,nil,,nil,,Mithril Bar|Thick Leather|Lesser Moonstone,6|2|3,Ores and Ingots,1
2,Blacksmithing,Mithril Warglaive,3736977,2,Main Hand,Warglaive,false,true,false,1d8,bonusDemon|meleeHit,1|2,,,nil,,nil,,Mithril Bar|Thick Leather|Moss Agate,6|2|1,Ores and Ingots,1
2,Blacksmithing,Mithril Twinblade,3736977,2,Off Hand,Warglaive,false,true,false,1d8,bonusDemon|parryBonus|hasteHit,1|1|1,,,nil,,nil,,Mithril Bar|Thick Leather|Moss Agate,6|2|1,Ores and Ingots,1
2,Blacksmithing,Mithril Mace,3736884,2,Main Hand,Mace,false,false,false,1d8,meleeBonus|meleeHit,1|2,,,nil,,nil,,Mithril Bar|Gold Bar|Thick Leather,6|4|2,Ores and Ingots,1
2,Blacksmithing,Mithril Maul,3736884,2,Off Hand,Mace,false,false,false,1d8,parryBonus|meleeHit|hasteHit,1|1|1,,,nil,,nil,,Mithril Bar|Gold Bar|Thick Leather,6|4|2,Ores and Ingots,1
2,Blacksmithing,Mithril War Axe,3736874,2,Main Hand,Mace,false,false,false,1d8,meleeBonus|meleeHit,1|2,,,nil,,nil,,Mithril Bar|Aquamarine|Thick Leather,6|1|2,Ores and Ingots,1
2,Blacksmithing,Mithril Hatchet,3736874,2,Off Hand,Mace,false,false,false,1d8,parryBonus|meleeHit|hasteHit,1|1|1,,,nil,,nil,,Mithril Bar|Citrine|Thick Leather,6|1|2,Ores and Ingots,1
2,Blacksmithing,Mithril Dagger,3736888,2,Main Hand,Dagger,false,true,false,1d4,hasteHit|meleeHit,1|2,OnMeleeHit,RPTO-Dagger,nil,,nil,,Mithril Bar|Heavy Leather|Jade,6|2|2,Ores and Ingots,1
2,Blacksmithing,Mithril Shiv,3736888,2,Off Hand,Dagger,false,true,false,1d4,parryBonus|meleeHit|hasteHit,1|1|1,,,nil,,nil,,Mithril Bar|Heavy Leather|Jade,6|2|2,Ores and Ingots,1
2,Blacksmithing,Right-Handed Mithril Knuckles,132938,2,Main Hand,Fist Weapon,false,true,false,1d4,hasteHit|meleeHit,1|2,OnMeleeHit,RPTO-Dagger,nil,,nil,,Mithril Bar|Heavy Leather|Tigerseye,6|2|2,Ores and Ingots,1
2,Blacksmithing,Left-Handed Mithril Knuckles,132938,2,Off Hand,Fist Weapon,false,true,false,1d4,hasteBonus|meleeHit|hasteHit,1|1|1,,,nil,,nil,,Mithril Bar|Heavy Leather|Tigerseye,6|2|2,Ores and Ingots,1
2,Blacksmithing,Mithril Greatsword,3736886,2,Main Hand,Sword,false,false,true,1d10,meleeHit|meleeBonus|hasteHit,2|1|1,,,nil,,nil,,Mithril Bar|Gold Bar|Thick Leather|Lesser Moonstone,10|2|4|2,Ores and Ingots,1
2,Blacksmithing,Mithril Spear,135130,2,Main Hand,Polearm,false,false,true,1d10,meleeHit|meleeBonus|hasteHit,2|1|1,,,nil,,nil,,Mithril Bar|Star Wood|Thick Leather,10|2|4,Ores and Ingots,1
2,Blacksmithing,Mithril Warhammer,3736922,2,Main Hand,Mace,false,false,true,1d10,meleeBonus|meleeHit|hasteHit,2|1|1,,,nil,,nil,,Mithril Bar|Gold Bar|Thick Leather|Gold Bar,10|2|4|2,Ores and Ingots,1
2,Blacksmithing,Mithril Battleaxe,3736877,2,Main Hand,Axe,false,false,true,1d10,meleeBonus|meleeHit|hasteHit,2|1|1,,,nil,,nil,,Mithril Bar|Gold Bar|Thick Leather|Aquamarine,10|2|4|2,Ores and Ingots,1
2.5,Blacksmithing,Heavy Thorium Helmet,133124,2,Head,Plate,nil,nil,nil,nil,armor|fireResistMod,1.5|1,,,nil,,nil,,Thorium Bar|Rugged Leather,8|5,Ores and Ingots,1
2.5,Blacksmithing,Heavy Thorium Chestplate,3998572,2,Chest,Plate,nil,nil,nil,nil,armor|fireResistMod,1.7|1,,,nil,Red,nil,,Thorium Bar|Rugged Leather,12|10,Ores and Ingots,1
2.5,Blacksmithing,Heavy Thorium Gauntlets,3998573,1,Hands,Plate,nil,nil,nil,nil,armor,0.6,,,nil,,nil,,Thorium Bar|Rugged Leather,4|3,Ores and Ingots,1
2.5,Blacksmithing,Heavy Thorium Sabatons,3998570,1,Feet,Plate,nil,nil,nil,nil,armor|speed,0.5|-0.3,,,nil,,nil,,Thorium Bar|Rugged Leather,4|3,Ores and Ingots,1
2.5,Blacksmithing,Thorium Sword,3736884,2,Main Hand,Sword,false,false,false,1d9,meleeBonus|meleeHit,2|2,,,nil,,nil,,Thorium Bar|Thick Leather|Star Ruby,6|2|3,Ores and Ingots,1
2.5,Blacksmithing,Thorium Second,3736884,2,Off Hand,Sword,false,false,false,1d9,parryBonus|meleeHit,2|2,,,nil,,nil,,Thorium Bar|Thick Leather|Star Ruby,6|2|3,Ores and Ingots,1
2.5,Blacksmithing,Thorium Warglaive,3736977,2,Main Hand,Warglaive,false,true,false,1d9,bonusDemon|meleeHit,2|2,,,nil,,nil,,Thorium Bar|Thick Leather|Azerothian Diamond,6|2|1,Ores and Ingots,1
2.5,Blacksmithing,Thorium Twinblade,3736977,2,Off Hand,Warglaive,false,true,false,1d9,bonusDemon|parryBonus,2|2,,,nil,,nil,,Thorium Bar|Thick Leather|Azerothian Diamond,6|2|1,Ores and Ingots,1
2.5,Blacksmithing,Thorium Mace,3736884,2,Main Hand,Mace,false,false,false,1d9,meleeBonus|meleeHit,2|2,,,nil,,nil,,Thorium Bar|Gold Bar|Thick Leather,6|4|2,Ores and Ingots,1
2.5,Blacksmithing,Thorium Maul,3736884,2,Off Hand,Mace,false,false,false,1d9,parryBonus|meleeHit,2|2,,,nil,,nil,,Thorium Bar|Gold Bar|Thick Leather,6|4|2,Ores and Ingots,1
2.5,Blacksmithing,Thorium War Axe,3736874,2,Main Hand,Mace,false,false,false,1d9,meleeBonus|meleeHit,2|2,,,nil,,nil,,Thorium Bar|Blue Sapphire|Thick Leather,6|1|2,Ores and Ingots,1
2.5,Blacksmithing,Thorium Hatchet,3736874,2,Off Hand,Mace,false,false,false,1d9,parryBonus|meleeHit,2|2,,,nil,,nil,,Thorium Bar|Arcane Crystal|Thick Leather,6|1|2,Ores and Ingots,1
2.5,Blacksmithing,Thorium Dagger,3736888,2,Main Hand,Dagger,false,true,false,1d5,hasteHit|meleeHit,2|2,OnMeleeHit,RPTO-Dagger,nil,,nil,,Thorium Bar|Heavy Leather|Jade,6|2|2,Ores and Ingots,1
2.5,Blacksmithing,Thorium Shiv,3736888,2,Off Hand,Dagger,false,true,false,1d5,parryBonus|meleeHit,2|2,,,nil,,nil,,Thorium Bar|Heavy Leather|Jade,6|2|2,Ores and Ingots,1
2.5,Blacksmithing,Right-Handed Thorium Knuckles,132938,2,Main Hand,Fist Weapon,false,true,false,1d5,hasteHit|meleeHit,2|2,OnMeleeHit,RPTO-Dagger,nil,,nil,,Thorium Bar|Heavy Leather|Huge Emerald,6|2|2,Ores and Ingots,1
2.5,Blacksmithing,Left-Handed Thorium Knuckles,132938,2,Off Hand,Fist Weapon,false,true,false,1d5,hasteBonus|meleeHit,2|2,,,nil,,nil,,Thorium Bar|Heavy Leather|Huge Emerald,6|2|2,Ores and Ingots,1
2.5,Blacksmithing,Thorium Greatsword,3736886,2,Main Hand,Sword,false,false,true,1d11,meleeHit|meleeBonus,2|2,,,nil,,nil,,Thorium Bar|Gold Bar|Thick Leather|Star Ruby,10|2|4|2,Ores and Ingots,1
2.5,Blacksmithing,Thorium Spear,135130,2,Main Hand,Polearm,false,false,true,1d11,meleeHit|meleeBonus,2|2,,,nil,,nil,,Thorium Bar|Star Wood|Thick Leather,10|2|4,Ores and Ingots,1
2.5,Blacksmithing,Thorium Warhammer,3736922,2,Main Hand,Mace,false,false,true,1d11,meleeBonus|meleeHit,2|2,,,nil,,nil,,Thorium Bar|Gold Bar|Thick Leather|Huge Emerald,10|2|4|2,Ores and Ingots,1
2.5,Blacksmithing,Thorium Battleaxe,3736877,2,Main Hand,Axe,false,false,true,1d11,meleeBonus|meleeHit,2|2,,,nil,,nil,,Thorium Bar|Gold Bar|Thick Leather|Blue Sapphire,10|2|4|2,Ores and Ingots,1
0.5,Blacksmithing,Silvered Bronze Helmet,133124,2,Head,Plate,nil,nil,nil,nil,armor,1.4,,,nil,,nil,"Whilst providing no benefits over steel, this helmet can be disenchanted.",Bronze Bar|Silver Bar|Medium Leather,8|1|2,,
0.5,Blacksmithing,Silvered Bronze Chestplate,3998572,2,Chest,Plate,nil,nil,nil,nil,armor,1.6,,,nil,,nil,"Whilst providing no benefits over steel, this chestplate can be disenchanted.",Bronze Bar|Silver Bar|Medium Leather,12|2|3,,
0.5,Blacksmithing,Heavy Bronze Sword,3736884,2,Main Hand,Sword,false,false,false,1d8,meleeBonus|meleeHit,1|1,,,nil,,nil,"Whilst providing no benefits over steel, this sword can be disenchanted.",Bronze Bar|Light Leather,6|2,,
0.5,Blacksmithing,Heavy Bronze Second,3736884,2,Off Hand,Sword,false,false,false,1d8,parryBonus|meleeHit,1|1,,,nil,,nil,"Whilst providing no benefits over steel, this sword can be disenchanted.",Bronze Bar|Light Leather,6|2,,
0.5,Blacksmithing,Heavy Bronze Warglaive,3736977,2,Main Hand,Warglaive,false,true,false,1d8,bonusDemon|meleeHit,1|1,,,nil,,nil,"Whilst providing no benefits over steel, this warglaive can be disenchanted.",Bronze Bar|Light Leather,6|2,,
0.5,Blacksmithing,Heavy Bronze Twinblade,3736977,2,Off Hand,Warglaive,false,true,false,1d8,bonusDemon|parryBonus,1|1,,,nil,,nil,"Whilst providing no benefits over steel, this warglaive can be disenchanted.",Bronze Bar|Light Leather,6|2,,
0.5,Blacksmithing,Heavy Bronze Mace,3736884,2,Main Hand,Mace,false,false,false,1d8,meleeBonus|meleeHit,1|1,,,nil,,nil,"Whilst providing no benefits over steel, this mace can be disenchanted.",Bronze Bar|Light Leather,6|2,,
0.5,Blacksmithing,Heavy Bronze Maul,3736884,2,Off Hand,Mace,false,false,false,1d8,parryBonus|meleeHit,1|1,,,nil,,nil,"Whilst providing no benefits over steel, this mace can be disenchanted.",Bronze Bar|Light Leather,6|2,,
0.5,Blacksmithing,Heavy Bronze War Axe,3736874,2,Main Hand,Mace,false,false,false,1d8,meleeBonus|meleeHit,1|1,,,nil,,nil,"Whilst providing no benefits over steel, this axe can be disenchanted.",Bronze Bar|Light Leather,6|2,,
0.5,Blacksmithing,Heavy Bronze Hatchet,3736874,2,Off Hand,Mace,false,false,false,1d8,parryBonus|meleeHit,1|1,,,nil,,nil,"Whilst providing no benefits over steel, this axe can be disenchanted.",Bronze Bar|Light Leather,6|2,,
0.5,Blacksmithing,Heavy Bronze Dagger,3736888,2,Main Hand,Dagger,false,true,false,1d4,hasteHit|meleeHit,1|1,OnMeleeHit,RPTO-Dagger,nil,,nil,"Whilst providing no benefits over steel, this daggercan be disenchanted.",Bronze Bar|Light Leather,6|2,,
0.5,Blacksmithing,Heavy Bronze Shiv,3736888,2,Off Hand,Dagger,false,true,false,1d4,parryBonus|meleeHit,1|1,,,nil,,nil,"Whilst providing no benefits over steel, this dagger can be disenchanted.",Bronze Bar|Light Leather,6|2,,
0.5,Blacksmithing,Right-Handed Heavy Bronze Knuckles,132938,2,Main Hand,Fist Weapon,false,true,false,1d4,hasteHit|meleeHit,1|1,OnMeleeHit,RPTO-Dagger,nil,,nil,"Whilst providing no benefits over steel, this fist weapon can be disenchanted.",Bronze Bar|Light Leather,6|2,,
0.5,Blacksmithing,Left-Handed Heavy Bronze Knuckles,132938,2,Off Hand,Fist Weapon,false,true,false,1d4,hasteBonus|meleeHit,1|1,,,nil,,nil,"Whilst providing no benefits over steel, this fist weapon can be disenchanted.",Bronze Bar|Light Leather,6|2,,
0.5,Blacksmithing,Bronze Greatsword,3736886,2,Main Hand,Sword,false,false,true,1d10,meleeHit|meleeBonus,2|1,,,nil,,nil,"Whilst providing no benefits over steel, this greatsword can be disenchanted.",Bronze Bar|Light Leather,10|4,,
0.5,Blacksmithing,Bronze Spear,135130,2,Main Hand,Polearm,false,false,true,1d10,meleeHit|meleeBonus,2|1,,,nil,,nil,"Whilst providing no benefits over steel, this spear can be disenchanted.",Bronze Bar|Light Leather,10|4,,
0.5,Blacksmithing,Bronze Warhammer,3736922,2,Main Hand,Mace,false,false,true,1d10,meleeBonus|meleeHit,2|1,,,nil,,nil,"Whilst providing no benefits over steel, this warhammer can be disenchanted.",Bronze Bar|Light Leather,10|4,,
0.5,Blacksmithing,Bronze Battleaxe,3736877,2,Main Hand,Axe,false,false,true,1d10,meleeBonus|meleeHit,2|1,,,nil,,nil,"Whilst providing no benefits over steel, this battleaxe can be disenchanted.",Bronze Bar|Light Leather,10|4,,
2,Mining,Adamantite Bar,,,Reagent,,,,,,,,,,,,,,Adamantite Ore,2,,
0.5,Mining,Bronze Bar,,,Reagent,,,,,,,,,,,,,,Copper Bar|Tin Bar,1|1,,
2,Mining,Cobalt Bar,,,Reagent,,,,,,,,,,,,,,Cobalt Ore,2,,
0.2,Mining,Copper Bar,,,Reagent,,,,,,,,,,,,,,Copper Ore,2,,
2.75,Mining,Core Alloy,,,Reagent,,,,,,,,,,,,,,Bismuth,10,,
3,Mining,Dark Iron Bar,,,Reagent,,,,,,,,,,,,,,Dark Iron Ore,2,,
3,Mining,Elementium Bar,,,Reagent,,,,,,,,,,,,,,Elementium Ore,2,,
3,Mining,Enchanted Elementium Bar,,,Reagent,,,,,,,,,,,,,,Elementium Ingot|Arcanite Bar,1|10,,
3,Enchanting,Enchanted Thorium Bar,,,Reagent,,,,,,,,,,,,,,Thorium Bar|Dream Dust,1|3,,
3,Mining,Eternium Bar,,,Reagent,,,,,,,,,,,,,,Eternium Ore,1,,
2,Mining,Fel Iron Bar,,,Reagent,,,,,,,,,,,,,,Fel Iron Ore,2,,
2.75,Mining,Felsteel Bar,,,Reagent,,,,,,,,,,,,,,Fel Iron Bar,2,,
1,Mining,Ghost Iron Bar,,,Reagent,,,,,,,,,,,,,,Ghost Iron Ore,2,,
1.5,Mining,Gold Bar,,,Reagent,,,,,,,,,,,,,,Gold Ore,1,,
2.75,Mining,Hardened Adamantite Bar,,,Reagent,,,,,,,,,,,,,,Adamantite Bar,10,,
2.75,Mining,Hardened Elementium Bar,,,Reagent,,,,,,,,,,,,,,Elementium Bar,10,,
2.75,Mining,Hardened Khorium,,,Reagent,,,,,,,,,,,,,,Khorium Bar,10,,
0.5,Mining,Iron Bar,,,Reagent,,,,,,,,,,,,,,Iron Ore,2,,
2.5,Mining,Khorium Bar,,,Reagent,,,,,,,,,,,,,,Khorium Ore,2,,
2,Mining,Mithril Bar,,,Reagent,,,,,,,,,,,,,,Mithril Ore,2,,
2,Mining,Obsidium Bar,,,Reagent,,,,,,,,,,,,,,Obsidium Ore,2,,
2,Mining,Pyrium Bar,,,Reagent,,,,,,,,,,,,,,Pyrite Ore,2,,
2.75,Mining,Saronite Bar,,,Reagent,,,,,,,,,,,,,,Saronite Ore,2,,
0.75,Mining,Silver Bar,,,Reagent,,,,,,,,,,,,,,Silver Ore,1,,
1,Mining,Steel Bar,,,Reagent,,,,,,,,,,,,,,Iron Bar|Coal,2|1,,
2.5,Mining,Thorium Bar,,,Reagent,,,,,,,,,,,,,,Thorium Ore,2,,
0.2,Mining,Tin Bar,,,Reagent,,,,,,,,,,,,,,Tin Ore,2,,
3,Mining,Titanium Bar,,,Reagent,,,,,,,,,,,,,,Titanium Ore,2,,
3,Mining,Titansteel Bar,,,Reagent,,,,,,,,,,,,,,Titanium Bar,3,,
2.5,Mining,Trillium Bar,,,Reagent,,,,,,,,,,,,,,White Trillium Ore|Black Trillium Ore,1|1,,
2.5,Mining,Truesilver Bar,,,Reagent,,,,,,,,,,,,,,Truesilver Ore,1,,
0.25,Tailoring,Tailored Linen Cloak,2428526,2,Cloak,,nil,nil,nil,nil,spellDamageReduction|armor,0.025|0.1,,,nil,,nil,"Whilst providing no benefits over silk, this cloak can be disenchanted.",Bolt of Linen Cloth|Fine Thread,6|1,,
0.25,Tailoring,Tailored Linen Robe,133128,2,Chest,Cloth,nil,nil,nil,nil,spellHit|armor,1|0.5,,,nil,,nil,"Whilst providing no benefits over silk, this robe can be disenchanted.",Bolt of Linen Cloth|Fine Thread,12|4,,
0.25,Tailoring,Tailored Linen Hood,133770,2,Head,Cloth,nil,nil,nil,nil,manaRegen|armor,0.05|0.2,,,nil,,nil,"Whilst providing no benefits over silk, this hood can be disenchanted.",Bolt of Linen Cloth|Fine Thread,8|2,,
0.25,Tailoring,Tailored Linen Gloves,3946771,2,Hands,Cloth,nil,nil,nil,nil,armor,0.1,,,nil,,nil,"Whilst providing no benefits over silk, these gloves can be disenchanted.",Bolt of Linen Cloth|Fine Thread,4|2,,
0.25,Tailoring,Tailored Linen Boots,3946768,2,Feet,Cloth,nil,nil,nil,nil,speed|armor,2|0.1,,,nil,,nil,"Whilst providing no benefits over silk, these boots be disenchanted.",Bolt of Linen Cloth|Fine Thread,4|2,,
,,,,,,,,,,,,,,,,,,,,,,
0.5,Tailoring,Heavy Woolen Cloak,2428526,1,Cloak,,nil,nil,nil,nil,frostResistMit|armor,1|0.1,,,nil,,nil,,Bolt of Woolen Cloth|Fine Thread,6|1,,
0.5,Tailoring,Heavy Woolen Robe,3946770,1,Chest,Cloth,nil,nil,nil,nil,frostResistMod|armor,1|0.5,,,nil,,nil,,Bolt of Woolen Cloth|Fine Thread,12|4,,
0.5,Tailoring,Heavy Woolen Hood,133128,1,Head,Cloth,nil,nil,nil,nil,frostResistMod|armor,1|0.2,,,nil,,nil,,Bolt of Woolen Cloth|Fine Thread,8|2,,
0.5,Tailoring,Heavy Woolen Gloves,3946771,1,Hands,Cloth,nil,nil,nil,nil,armor,0.1,,,nil,,nil,,Bolt of Woolen Cloth|Fine Thread,4|2,,
0.5,Tailoring,Heavy Woolen Boots,3946768,1,Feet,Cloth,nil,nil,nil,nil,speed|armor,2|0.1,,,nil,,nil,,Bolt of Woolen Cloth|Fine Thread,4|2,,
0.75,Tailoring,Reinforced Woolen Cloak,2428526,2,Cloak,,nil,nil,nil,nil,frostResistMit|armor,1|0.2,,,nil,,nil,,Bolt of Woolen Cloth|Fine Thread,6|2,Furs,1
,,,,,,,,,,,,,,,,,,,,,,
1,Tailoring,Heavy Silk Cloak,133770,1,Cloak,,nil,nil,nil,nil,spellDamageReduction|armor,0.05|0.1,,,nil,,nil,,Bolt of Silk Cloth|Silken Thread,6|1,Gossamer,1
1,Tailoring,Heavy Silk Robe,3946770,1,Chest,Cloth,nil,nil,nil,nil,spellHit|armor,1|0.5,,,nil,Blue,nil,,Bolt of Silk Cloth|Silken Thread,12|4,Gossamer,1
1,Tailoring,Heavy Silk Hood,133128,1,Head,Cloth,nil,nil,nil,nil,manaRegen|armor,0.05|0.2,,,nil,,nil,,Bolt of Silk Cloth|Silken Thread,8|2,Gossamer,1
1,Tailoring,Heavy Silk Gloves,3946771,1,Hands,Cloth,nil,nil,nil,nil,armor,0.1,,,nil,,nil,,Bolt of Silk Cloth|Silken Thread,4|2,Gossamer,1
1,Tailoring,Heavy Silk Boots,3946768,1,Feet,Cloth,nil,nil,nil,nil,speed|armor,2|0.1,,,nil,,nil,,Bolt of Silk Cloth|Silken Thread,4|2,Gossamer,1
,,,,,,,,,,,,,,,,,,,,,,
1.5,Tailoring,Azure Silk Robe,3946770,2,Chest,Cloth,nil,nil,nil,nil,spellHit|frostBonus|armor,1|1|0.5,,,nil,Blue,nil,,Bolt of Silk Cloth|Silken Thread,6|1,Gossamer,1
1.5,Tailoring,Azure Silk Hood,133128,2,Head,Cloth,nil,nil,nil,nil,manaRegen|frostBonus|armor,0.05|1|0.2,,,nil,,nil,,Bolt of Silk Cloth|Silken Thread,12|4,Gossamer,1
1.5,Tailoring,Azure Silk Cloak,2428526,2,Cloak,,nil,nil,nil,nil,spellDamageReduction|frostResistMit|armor,0.05|1|0.1,,,nil,,nil,,Bolt of Silk Cloth|Silken Thread,8|2,Gossamer,1
1.5,Tailoring,Azure Silk Gloves,3946771,2,Hands,Cloth,nil,nil,nil,nil,armor,0.1,,,RPT-M-Counter,,nil,,Bolt of Silk Cloth|Silken Thread,4|2,Gossamer,1
1.5,Tailoring,Azure Silk Boots,3946768,2,Feet,Cloth,nil,nil,nil,nil,speed|armor,2|0.1,,,nil,,nil,,Bolt of Silk Cloth|Silken Thread,4|2,Gossamer,1
,,,,,,,,,,,,,,,,,,,,,,
2,Tailoring,Mageweave Cloak,2428526,1,Cloak,,nil,nil,nil,nil,spellDamageReduction|armor,0.025|0.1,,,nil,,nil,,Bolt of Mageweave|Silken Thread,6|1,Fabrics,1
2,Tailoring,Mageweave Robe,3946770,1,Chest,Cloth,nil,nil,nil,nil,spellHit|armor,1|0.5,,,nil,,nil,,Bolt of Mageweave|Silken Thread,12|4,Fabrics,1
2,Tailoring,Mageweave Hood,133128,1,Head,Cloth,nil,nil,nil,nil,manaRegen|armor,0.1|0.2,,,nil,,nil,,Bolt of Mageweave|Silken Thread,8|2,Fabrics,1
2,Tailoring,Mageweave Gloves,3946771,1,Hands,Cloth,nil,nil,nil,nil,armor,0.1|0.1,,,RPT-M-Counter,,nil,,Bolt of Mageweave|Silken Thread,4|2,Fabrics,1
2,Tailoring,Mageweave Boots,3946768,1,Feet,Cloth,nil,nil,nil,nil,speed|armor,2|0.1,,,nil,,nil,,Bolt of Mageweave|Silken Thread,4|2,Fabrics,1
,,,,,,,,,,,,,,,,,,,,,,
2.2,Tailoring,Embroidered Mageweave Cloak,2428526,2,Cloak,,nil,nil,nil,nil,spellDamageReduction|armor,0.075|0.1,,,nil,,nil,,Bolt of Mageweave|Gold Bar|Lesser Moonstone|Silken Thread,6|1|1|1,Fabrics,1
2.2,Tailoring,Embroidered Mageweave Robe,3946770,2,Chest,Cloth,nil,nil,nil,nil,spellHit|spellBonus|armor,1|1|0.5,,,nil,Blue,nil,,Bolt of Mageweave|Gold Bar|Lesser Moonstone|Silken Thread,12|2|2|1,Fabrics,1
2.2,Tailoring,Embroidered Mageweave Hood,133128,2,Head,Cloth,nil,nil,nil,nil,manaRegen|spellHit|armor,0.1|1|0.2,,,nil,,nil,,Bolt of Mageweave|Gold Bar|Silken Thread,8|2|1,Fabrics,1
2.2,Tailoring,Embroidered Mageweave Gloves,3946771,2,Hands,Cloth,nil,nil,nil,nil,armor,0.1,,,RPT-M-Counter,,nil,,Bolt of Mageweave|Gold Bar|Silken Thread,4|2,Fabrics,
2.2,Tailoring,Embroidered Mageweave Boots,3946768,2,Feet,Cloth,nil,nil,nil,nil,speed|armor,3|0.1,,,nil,,nil,,Bolt of Mageweave|Gold Bar|Silken Thread,4|2,Fabrics,
,,,,,,,,,,,,,,,,,,,,,,
2.5,Tailoring,Runecloth Cloak,4260834,1,Cloak,,nil,nil,nil,nil,spellDamageReduction|armor,0.05|0.1,,,nil,,nil,,Bolt of Runecloth|Rune Thread,6|1,Fabrics,1
2.5,Tailoring,Runecloth Robe,3946770,1,Chest,Cloth,nil,nil,nil,nil,spellHit|spellBonus|armor,1|1|0.5,,,nil,,nil,,Bolt of Runecloth|Rune Thread,12|4,Fabrics,1
2.5,Tailoring,Runecloth Hood,133128,1,Head,Cloth,nil,nil,nil,nil,manaRegen|spellHit|armor,0.1|1|0.2,,,nil,,nil,,Bolt of Runecloth|Rune Thread,8|2,Fabrics,1
2.5,Tailoring,Runecloth Gloves,3946771,1,Hands,Cloth,nil,nil,nil,nil,armor,0.1,,,RPT-M-Counter,,nil,,Bolt of Runecloth|Rune Thread,4|2,Fabrics,1
2.5,Tailoring,Runecloth Boots,3946768,1,Feet,Cloth,nil,nil,nil,nil,speed|armor,2|0.1,,,nil,,nil,,Bolt of Runecloth|Rune Thread,4|2,Fabrics,1
,,,,,,,,,,,,,,,,,,,,,,
0,Engineering,Handful of Copper Bolts,,,Reagent,,,,,,,,,,,,,,Copper Bar,1,,
0,Engineering,Rough Blasting Powder,,,Reagent,,,,,,,,,,,,,,Solid Stone,1,,
0.5,Engineering,Copper Modulator,,,Reagent,,,,,,,,,,,,,,Handful of Copper Bolts|Copper Bar|Linen Cloth,2|1|1,,
0.5,Engineering,Copper Tube,,,Reagent,,,,,,,,,,,,,,Copper Bar,2,,
1,Engineering,Bronze Framework,,,Reagent,,,,,,,,,,,,,,Bronze Bar|Medium Leather|Wool Cloth,2|1|1,,
1,Engineering,Bronze Tube,,,Reagent,,,,,,,,,,,,,,Bronze Bar,2,,
1,Engineering,Coarse Blasting Powder,,,Reagent,,,,,,,,,,,,,,Solid Stone,2,,
1,Engineering,Whirring Bronze Gizmo,,,Reagent,,,,,,,,,,,,,,Bronze Bar|Wool Cloth,2|1,,
1.5,Engineering,Fused Wiring,,,Reagent,,,,,,,,,,,,,,Copper Bar,1,,
1.5,Engineering,Gyromatic Micro-Adjustor,,,Reagent,,,,,,,,,,,,,,Steel Bar,4,,
1.5,Engineering,Iron Strut,,,Reagent,,,,,,,,,,,,,,Iron Bar,2,,
1.5,Engineering,Unstable Trigger,,,Reagent,,,,,,,,,,,,,,Mithril Bar|Mageweave Cloth|Solid Blasting Powder,1|1|1,,
2,Engineering,Solid Blasting Powder,,,Reagent,,,,,,,,,,,,,,Solid Stone,3,,
2,Engineering,Gold Power Core,,,Reagent,,,,,,,,,,,,,,Gold Bar,1,,
2,Engineering,Mithril Casing,,,Reagent,,,,,,,,,,,,,,Mithril Bar,3,,
2,Engineering,Mithril Tube,,,Reagent,,,,,,,,,,,,,,Mithril Bar,3,,
2,Engineering,Gyrochronatom,,,Reagent,,,,,,,,,,,,,,Iron Bar|Gold Power Core,1|1,,
2.5,Engineering,Heavy Blasting Powder,,,Reagent,,,,,,,,,,,,,,Solid Stone,4,,
2.5,Engineering,Thorium Tube,,,Reagent,,,,,,,,,,,,,,Thorium Bar,2,,
2.5,Engineering,Thorium Widget,,,Reagent,,,,,,,,,,,,,,Thorium Bar|Runecloth,3|1,,
2.5,Engineering,Truesilver Transformer,,,Reagent,,,,,,,,,,,,,,Truesilver Bar|Elemental Earth|Elemental Air,2|1|1,,
3,Engineering,Delicate Arcanite Converter,,,Reagent,,,,,,,,,,,,,,Arcanite Bar|Ironweb Spider Silk,1|1,,
3,Engineering,Obsidian Blasting Powder,,,Reagent,,,,,,,,,,,,,,Obsidium Bar,5,,
3,Engineering,Tinkerbox,,,Reagent,,,,,,,,,,,,,,Mithril Casing|Gold Power Core,1|2,,
,,,,,,,,,,,,,,,,,,,,,,
0.5,Engineering,Copper Bomb,133717,1,Consumable,Device,nil,nil,nil,nil,,,,,RPT-C-Bomb1,,,,Handful of Copper Bolts|Rough Blasting Powder,3|3,,
1,Engineering,Heavy Bronze Bomb,133713,1,Consumable,Device,nil,nil,nil,nil,,,,,RPT-C-Bomb2,,,,Bronze Tube|Coarse Blasting Powder,1|3,,
1.5,Engineering,Iron Grenade,133716,1,Consumable,Device,nil,nil,nil,nil,,,,,RPT-C-Bomb3,,,,Iron Bar|Coarse Blasting Powder,2|3|1,,
2,Engineering,Mithril Grenade,133710,1,Consumable,Device,nil,nil,nil,nil,,,,,RPT-C-Bomb4,,,,Mithril Tube|Solid Blasting Powder|Unstable Trigger,1|3|1,,
2.5,Engineering,Thorium Grenade,133716,1,Consumable,Device,nil,nil,nil,nil,,,,,RPT-C-Bomb5,,,,Thorium Tube|Heavy Blasting Powder|Fused Wiring,1|3|2,,
,,,,,,,,,,,,,,,,,,,,,,
1,Engineering,Flash Grenade, ,1,Consumable,Device,nil,nil,nil,nil,,,,,RPT-C-DazeBomb,,,,Bronze Tube|Rough Blasting Powder|Malachite,1|5|1,,
2,Engineering,Static Bomb,6383489,1,Consumable,Device,nil,nil,nil,nil,,,,,RPT-C-RootBomb,,,,Mithril Tube|Gold Power Core|Unstable Trigger|Whirring Bronze Gizmo,1|2|1|1,,
2.5,Engineering,Concussive Grenade,136173,1,Consumable,Device,nil,nil,nil,nil,,,,,RPT-C-IncapBomb,,,,Thorium Tube|Heavy Blasting Powder|Thorium Widget,1|4|1,,
,,,,,,,,,,,,,,,,,,,,,,
0.5,Engineering,Crude Scope,134441,1,Enchant,Ranged,nil,nil,nil,nil,rangedHit,1,,,,,,,Copper Tube|Malachite,1|1,,
1,Engineering,Standard Scope,134441,1,Enchant,Ranged,nil,nil,nil,nil,rangedHit|rangedBonus,1|1,,,,,,,Bronze Tube|Moss Agate,1|1,,
1.5,Engineering,Accurate Scope,134441,2,Enchant,Ranged,nil,nil,nil,nil,rangedHit|rangedCrit,1|1,,,,,,,Bronze Tube|Citrine|Jade,1|1|1,,
2,Engineering,Deadly Scope,134441,2,Enchant,Ranged,nil,nil,nil,nil,rangedHit|rangedCrit|rangedBonus,1|1|1,,,,,,,Mithril Tube|Aquamarine,1|2,,
2.5,Engineering,Sniper Scope,134441,2,Enchant,Ranged,nil,nil,nil,nil,rangedHit|rangedCrit|rangedBonus,2|1|1,,,,,,,Mithril Tube|Star Ruby|Truesilver Bar,1|1|2,,
,,,,,,,,,,,,,,,,,,,,,,
1,Engineering,Deployable Decoy,132766,1,Consumable,Device,nil,nil,nil,nil,,,,,RPT-C-Decoy,,,,Copper Modulator|Handful of Copper Bolts|Bronze Bar|Wool Cloth,1|2|1|1,,
1,Engineering,Flame Deflector,132995,1,Consumable,Device,nil,nil,nil,nil,,,,,RPT-C-FireDeflect,,,,Whirring Bronze Gizmo|Elemental Fire,1|1,,
1.5,Engineering,Minor Recombobulator,133001,2,Consumable,Device,nil,nil,nil,nil,,,,,RPT-C-MinRecomb,,,,Bronze Tube|Whirring Bronze Gizmo|Medium Leather|Moss Agate,1|2|2|1,,
1.5,Engineering,Ice Deflector,132995,1,Consumable,Device,nil,nil,nil,nil,,,,,RPT-C-FrostDeflect,,,,Whirring Bronze Gizmo|Elemental Water,1|1,,
2,Engineering,Goblin Jumper Cables,133868,2,Consumable,Device,nil,nil,nil,nil,,,,,RPT-C-JumperCables,,,,Shadowgem|Iron Bar|Fused Wiring|Silk Cloth|Whirring Bronze Gizmo,2|6|1|2|2,,
,,,,,,,,,,,,,,,,,,,,,,
2.5,Engineering,High-Powered Flashlight,134442,3,Trinket,,nil,nil,nil,nil,meleeCrit|rangedCrit|spellCrit|hasteCrit,1|1|1|1,,,,,,,Thorium Widget|Truesilver Bar|Essence of Fire,4|6|6,,
,,,,,,,,,,,,,,,,,,,,,,
1,Engineering,Deadly Blunderbuss,135616,2,Main Hand,Gun,false,true,true,2d5,rangedHit|rangedBonus,1|1,,,,,,,Bronze Tube|Moss Agate|Wooden Stock,5|1|1,,
1.5,Engineering,Silver Plated Shotgun,135616,2,Main Hand,Gun,false,true,true,2d5,rangedHit|rangedBonus,2|1,,,,,,,Bronze Tube|Silver Bar|Wooden Stock|Whirring Bronze Gizmo,2|3|1|2,,
1.5,Engineering,Moonsight Rifle,135616,2,Main Hand,Gun,false,true,true,2d5,DEX|rangedHit|rangedBonus,1|1|1,,,,,,,Bronze Tube|Lesser Moonstone|Heavy Stock|Whirring Bronze Gizmo,2|2|1|3,,
2,Engineering,Mithril Blunderbuss,135616,2,Main Hand,Gun,false,true,true,2d5,rangedHit|hasteHit|hasteBonus,1|2|1,,,,,,,Mithril Bar|Elemental Fire|Heavy Stock|Mithril Tube|Unstable Trigger,4|2|1|1|1,,
2.2,Engineering,Mithril Heavy-bore Rifle,135616,2,Main Hand,Gun,false,true,true,2d5,rangedHit|hasteHit|hasteBonus,1|1|2,,,,,,,Mithril Bar|Citrine|Heavy Stock|Mithril Tube|Unstable Trigger,6|2|1|2|1,,
2.75,Engineering,Dark Iron Rifle,135616,3,Main Hand,Gun,false,true,true,2d5,rangedHit|rangedBonus|rangedCrit,2|2|1,,,,,,,Dark Iron Bar|Thorium Tube|Rugged Leather|Blue Sapphire|Large Opal,6|2|4|2|2,,
,,,,,,,,,,,,,,,,,,,,,,
1,Engineering,Flying Tiger Goggles,133149,2,Head,Cloth,nil,nil,nil,nil,maxHealth|healthRegen,1|0.05,,,,,,,Light Leather|Tigerseye,6|2,,
1.5,Engineering,Shadow Goggles,133149,2,Head,Cloth,nil,nil,nil,nil,maxMana|manaRegen,1|0.05,,,,,,,Medium Leather|Shadowgem,4|2,,
1.5,Engineering,Green Tinted Goggles,133149,2,Head,Cloth,nil,nil,nil,nil,maxHealth|healthRegen,1|0.1,,,,,,,Medium Leather|Moss Agate,4|2,,
2,Engineering,Fire Goggles,133149,2,Head,Cloth,nil,nil,nil,nil,fireResistMod|fireResistMit,1|1,,,,,,,Heavy Leather|Elemental Fire|Citrine,4|2|2,,
2,Engineering,Catseye Ultra Goggles,133149,2,Head,Cloth,nil,nil,nil,nil,perception,3,,,,,,,Thick Leather|Aquamarine,5|2,,
2.5,Engineering,Spellpower Goggles Xtreme,133149,2,Head,Cloth,nil,nil,nil,nil,spellBonus,2,,,,,,,Thick Leather|Star Ruby,2,,
,,,,,,,,,,,,,,,,,,,,,,
1,Leatherworking,Medium Leather,,,Reagent,,,,,,,,,,,,,,Light Leather,5,,
1.5,Leatherworking,Heavy Leather,,,Reagent,,,,,,,,,,,,,,Medium Leather,5,,
2,Leatherworking,Thick Leather,,,Reagent,,,,,,,,,,,,,,Heavy Leather,5,,
2.5,Leatherworking,Rugged Leather,,,Reagent,,,,,,,,,,,,,,Thick Leather,5,,
,,,,,,,,,,,,,,,,,,,,,,
0.25,Leatherworking,Fine Leather Cloak,133756,2,Cloak,Leather,nil,nil,nil,nil,armor,0.1,,,nil,,nil,"Whilst providing no benefits over toughened leather, this cloak can be disenchanted.",Medium Leather|Coarse Thread,6|1,,
0.25,Leatherworking,Fine Leather Armor,132718,2,Chest,Leather,nil,nil,nil,nil,armor,0.8,,,nil,,nil,"Whilst providing no benefits over toughened leather, this chest can be disenchanted.",Medium Leather|Coarse Thread,12|4,,
0.25,Leatherworking,Fine Leather Hood,133117,2,Head,Leather,nil,nil,nil,nil,armor|manaRegen,0.3|0.02,,,nil,,nil,"Whilst providing no benefits over toughened leather, this hood can be disenchanted.",Medium Leather|Coarse Thread,8|2,,
0.25,Leatherworking,Fine Leather Gloves,132939,2,Hands,Leather,nil,nil,nil,nil,armor,0.2,,,nil,,nil,"Whilst providing no benefits over toughened leather, these gloves can be disenchanted.",Medium Leather|Coarse Thread,4|2,,
0.25,Leatherworking,Fine Leather Boots,132541,2,Feet,Leather,nil,nil,nil,nil,armor|speed,0.2|1,,,nil,,nil,"Whilst providing no benefits over toughened leather, these boots be disenchanted.",Medium Leather|Coarse Thread,4|2,,
,,,,,,,,,,,,,,,,,,,,,,
0.5,Leatherworking,Earthen Leather Cloak,133756,1,Cloak,Leather,nil,nil,nil,nil,armor|damageReduction,0.1|0.1,,,nil,,nil,,Medium Leather|Medium Hide|Fine Thread,6|1|1,Leather and Hides,1
0.5,Leatherworking,Earthen Leather Armor,132718,1,Chest,Leather,nil,nil,nil,nil,armor|maxHealth,0.8|1,,,nil,,nil,,Medium Leather|Medium Hide|Fine Thread,12|1|4,Leather and Hides,1
0.5,Leatherworking,Earthen Leather Hood,133117,1,Head,Leather,nil,nil,nil,nil,armor|healthRegen,0.3|0.1,,,nil,,nil,,Medium Leather|Medium Hide|Fine Thread,8|1|2,Leather and Hides,1
0.5,Leatherworking,Earthen Leather Gloves,132939,1,Hands,Leather,nil,nil,nil,nil,armor|,0.2,,,nil,,nil,,Medium Leather|Medium Hide|Fine Thread,4|1|2,Leather and Hides,1
0.5,Leatherworking,Earthen Leather Boots,132541,1,Feet,Leather,nil,nil,nil,nil,armor|speed,0.2|1,,,nil,,nil,,Medium Leather|Medium Hide|Fine Thread,4|1|2,Leather and Hides,1
,,,,,,,,,,,,,,,,,,,,,,
1,Leatherworking,Toughened Leather Cloak,133756,1,Cloak,Leather,nil,nil,nil,nil,armor,0.1,,,nil,,nil,,Medium Leather|Medium Hide|Ironweb Spider Silk|Fine Thread,6|1|1|1,Leather and Hides,1
1,Leatherworking,Toughened Leather Armor,132718,1,Chest,Leather,nil,nil,nil,nil,armor,0.8,,,nil,Yellow,nil,,Medium Leather|Medium Hide|Ironweb Spider Silk|Fine Thread,12|2|1|4,Leather and Hides,1
1,Leatherworking,Toughened Leather Hood,133117,1,Head,Leather,nil,nil,nil,nil,armor|manaRegen,0.3|0.02,,,nil,,nil,,Medium Leather|Medium Hide|Ironweb Spider Silk|Fine Thread,8|1|1|2,Leather and Hides,1
1,Leatherworking,Toughened Leather Gloves,132939,1,Hands,Leather,nil,nil,nil,nil,armor,0.2,,,nil,,nil,,Medium Leather|Medium Hide|Ironweb Spider Silk|Fine Thread,4|1|1|2,Leather and Hides,1
1,Leatherworking,Toughened Leather Boots,132541,1,Feet,Leather,nil,nil,nil,nil,armor|speed,0.2|1,,,nil,,nil,,Medium Leather|Medium Hide|Ironweb Spider Silk|Fine Thread,4|1|1|2,Leather and Hides,1
,,,,,,,,,,,,,,,,,,,,,,
1.5,Leatherworking,Dark Leather Cloak,133756,2,Cloak,Leather,nil,nil,nil,nil,armor|threat|stealth,0.1|0.2,,,nil,,nil,,Medium Leather|Medium Hide|Gray Dye|Fine Thread,6|1|1|1,Leather and Hides,1
1.5,Leatherworking,Dark Leather Armor,132718,2,Chest,Leather,nil,nil,nil,nil,armor|stealth,0.8|0.2,,,nil,,nil,,Medium Leather|Medium Hide|Gray Dye|Fine Thread,12|2|1|4,Leather and Hides,1
1.5,Leatherworking,Dark Leather Hood,133117,2,Head,Leather,nil,nil,nil,nil,armor|stealth,0.3|0.02|0.2,,,nil,,nil,,Medium Leather|Medium Hide|Gray Dye|Fine Thread,8|1|1|2,Leather and Hides,1
1.5,Leatherworking,Dark Leather Gloves,132939,2,Hands,Leather,nil,nil,nil,nil,armor|stealth,0.2|0.2,,,nil,,nil,,Medium Leather|Medium Hide|Gray Dye|Fine Thread,4|1|1|2,Leather and Hides,1
1.5,Leatherworking,Dark Leather Boots,132541,2,Feet,Leather,nil,nil,nil,nil,armor|speed|stealth,0.2|1|0.2,,,nil,,nil,,Medium Leather|Medium Hide|Gray Dye|Fine Thread,4|1|1|2,Leather and Hides,1
,,,,,,,,,,,,,,,,,,,,,,
2,Leatherworking,Heavy Leather Cloak,133756,1,Cloak,Leather,nil,nil,nil,nil,armor,0.1,,,nil,,nil,,Heavy Leather|Silken Thread,6|1,Leather and Hides,1
2,Leatherworking,Heavy Leather Armor,132718,1,Chest,Leather,nil,nil,nil,nil,armor,0.9,,,nil,Yellow,nil,,Heavy Leather|Silken Thread,12|4,Leather and Hides,1
2,Leatherworking,Heavy Leather Hood,133117,1,Head,Leather,nil,nil,nil,nil,armor|manaRegen,0.5|0.05,,,nil,,nil,,Heavy Leather|Silken Thread,8|2,Leather and Hides,1
2,Leatherworking,Heavy Leather Gloves,132939,1,Hands,Leather,nil,nil,nil,nil,armor,0.2,,,nil,,nil,,Heavy Leather|Silken Thread,4|2,Leather and Hides,1
2,Leatherworking,Heavy Leather Boots,132541,1,Feet,Leather,nil,nil,nil,nil,armor|speed,0.3|1,,,nil,,nil,,Heavy Leather|Silken Thread,4|2,Leather and Hides,1
,,,,,,,,,,,,,,,,,,,,,,
2.2,Leatherworking,Dusky Leather Cloak,133756,2,Cloak,Leather,nil,nil,nil,nil,armor|threat|stealth,0.1|0.4,,,nil,,nil,,Heavy Leather|Black Dye|Silken Thread,6|1|1,Leather and Hides,1
2.2,Leatherworking,Dusky Leather Armor,132718,2,Chest,Leather,nil,nil,nil,nil,armor|stealth,0.8|0.4,,,nil,Yellow,nil,,Heavy Leather|Black Dye|Silken Thread,12|1|4,Leather and Hides,1
2.2,Leatherworking,Dusky Leather Hood,133117,2,Head,Leather,nil,nil,nil,nil,armor|stealth,0.3|0.02|0.4,,,nil,,nil,,Heavy Leather|Black Dye|Silken Thread,8|1|2,Leather and Hides,1
2.2,Leatherworking,Dusky Leather Gloves,132939,2,Hands,Leather,nil,nil,nil,nil,armor|stealth,0.2|0.4,,,nil,,nil,,Heavy Leather|Black Dye|Silken Thread,4|1|2,Leather and Hides,1
2.2,Leatherworking,Dusky Leather Boots,132541,2,Feet,Leather,nil,nil,nil,nil,armor|speed|stealth,0.2|2|0.4,,,nil,,nil,,Heavy Leather|Black Dye|Silken Thread,4|1|2,Leather and Hides,1
,,,,,,,,,,,,,,,,,,,,,,
2.5,Leatherworking,Nightscape Cloak,133756,1,Cloak,Leather,nil,nil,nil,nil,armor|threat|stealth,0.1|0.6,,,nil,,nil,,Thick Leather|Black Dye|Silken Thread,6|1|2,Leather and Hides,1
2.5,Leatherworking,Nightscape Armor,132718,1,Chest,Leather,nil,nil,nil,nil,armor|stealth,0.8|0.6,,,nil,,nil,,Thick Leather|Black Dye|Silken Thread,12|1|6,Leather and Hides,1
2.5,Leatherworking,Nightscape Hood,133117,1,Head,Leather,nil,nil,nil,nil,armor|stealth,0.3|0.02|0.6,,,nil,,nil,,Thick Leather|Black Dye|Silken Thread,8|1|4,Leather and Hides,1
2.5,Leatherworking,Nightscape Gloves,132939,1,Hands,Leather,nil,nil,nil,nil,armor|stealth,0.4|0.6,,,nil,,nil,,Thick Leather|Black Dye|Silken Thread,4|1|4,Leather and Hides,1
2.5,Leatherworking,Nightscape Boots,132541,1,Feet,Leather,nil,nil,nil,nil,armor|speed|stealth,0.2|3|0.6,,,nil,,nil,,Thick Leather|Black Dye|Silken Thread,4|1|4,Leather and Hides,1
,,,,,,,,,,,,,,,,,,,,,,
,,,,,,,,,,,,,,,,,,,,,,
0.25,Leatherworking,Glimmering Mail Hauberk,132718,2,Chest,Mail,nil,nil,nil,nil,armor,1.3,,,nil,,nil,"Whilst providing no benefits over toughened leather, this chest can be disenchanted.",Bronze Bar|Medium Leather,12|4,,
0.25,Leatherworking,Glimmering Mail Coif,133117,2,Head,Mail,nil,nil,nil,nil,armor,0.7,,,nil,,nil,"Whilst providing no benefits over toughened leather, this hood can be disenchanted.",Bronze Bar|Medium Leather,8|2,,
0.25,Leatherworking,Glimmering Mail Gloves,132939,2,Hands,Mail,nil,nil,nil,nil,armor,0.4,,,nil,,nil,"Whilst providing no benefits over toughened leather, these gloves can be disenchanted.",Bronze Bar|Medium Leather,4|2,,
0.25,Leatherworking,Glimmering Mail Boots,132541,2,Feet,Mail,nil,nil,nil,nil,armor,0.3,,,nil,,nil,"Whilst providing no benefits over toughened leather, these boots be disenchanted.",Bronze Bar|Medium Leather,4|2,,
,,,,,,,,,,,,,,,,,,,,,,
,,,,,,,,,,,,,,,,,,,,,,
0.5,Leatherworking,Silvered Hauberk,132718,1,Chest,Mail,nil,nil,nil,nil,armor|maxMana,0.8|1,,,nil,,nil,,Bronze Bar|Silver Bar|Medium Leather,12|1|4,Ores and Ingots,1
0.5,Leatherworking,Silvered Coif,133117,1,Head,Mail,nil,nil,nil,nil,armor|manaRegen,0.7|0.1,,,nil,,nil,,Bronze Bar|Silver Bar|Medium Leather,8|1|2,Ores and Ingots,1
0.5,Leatherworking,Silvered Gloves,132939,1,Hands,Mail,nil,nil,nil,nil,armor,0.4,,,nil,,nil,,Bronze Bar|Silver Bar|Medium Leather,4|1|2,Ores and Ingots,1
0.5,Leatherworking,Silvered Boots,132541,1,Feet,Mail,nil,nil,nil,nil,armor,0.3,,,nil,,nil,,Bronze Bar|Silver Bar|Medium Leather,4|1|2,Ores and Ingots,1
,,,,,,,,,,,,,,,,,,,,,,
,,,,,,,,,,,,,,,,,,,,,,
1,Leatherworking,Chainmail Hauberk,132718,1,Chest,Mail,nil,nil,nil,nil,armor,0.8,,,nil,Yellow,nil,,Iron Bar|Bronze Bar|Light Hide|Medium Leather,12|2|1|4,Ores and Ingots,1
1,Leatherworking,Chainmail Coif,133117,1,Head,Mail,nil,nil,nil,nil,armor|manaRegen,0.7|0.02,,,nil,,nil,,Iron Bar|Bronze Bar|Light Hide|Medium Leather,8|1|1|2,Ores and Ingots,1
1,Leatherworking,Chainmail Gloves,132939,1,Hands,Mail,nil,nil,nil,nil,armor,0.4,,,nil,,nil,,Iron Bar|Bronze Bar|Light Hide|Medium Leather,4|1|1|2,Ores and Ingots,1
1,Leatherworking,Chainmail Boots,132541,1,Feet,Mail,nil,nil,nil,nil,armor,0.3,,,nil,,nil,,Iron Bar|Bronze Bar|Light Hide|Medium Leather,4|1|1|2,Ores and Ingots,1
,,,,,,,,,,,,,,,,,,,,,,
,,,,,,,,,,,,,,,,,,,,,,
1.5,Leatherworking,Golden Scale Hauberk,132718,2,Chest,Mail,nil,nil,nil,nil,armor|maxMana,1|2,,,nil,,nil,,Steel Bar|Gold Bar|Silk Cloth|Heavy Leather,12|2|1|4,Ores and Ingots,1
1.5,Leatherworking,Golden Scale Coif,133117,2,Head,Mail,nil,nil,nil,nil,armor|manaRegen,0.7|0.05,,,nil,,nil,,Steel Bar|Gold Bar|Silk Cloth|Heavy Leather,8|1|1|2,Ores and Ingots,1
1.5,Leatherworking,Golden Scale Gloves,132939,2,Hands,Mail,nil,nil,nil,nil,armor,0.4,,,nil,,nil,,Steel Bar|Gold Bar|Silk Cloth|Heavy Leather,4|1|1|2,Ores and Ingots,1
1.5,Leatherworking,Golden Scale Boots,132541,2,Feet,Mail,nil,nil,nil,nil,armor,0.3,,,nil,,nil,,Steel Bar|Gold Bar|Silk Cloth|Heavy Leather,4|1|1|2,Ores and Ingots,1
,,,,,,,,,,,,,,,,,,,,,,
,,,,,,,,,,,,,,,,,,,,,,
2,Leatherworking,Light Mithril Hauberk,132718,1,Chest,Mail,nil,nil,nil,nil,armor|speed|hasteHit,0.9|1|1,,,nil,Yellow,nil,,Mithril Bar|Mageweave Cloth,12|4,Ores and Ingots,1
2,Leatherworking,Light Mithril Coif,133117,1,Head,Mail,nil,nil,nil,nil,armor|manaRegen,0.8|0.05,,,nil,,nil,,Mithril Bar|Mageweave Cloth,8|2,Ores and Ingots,1
2,Leatherworking,Light Mithril Gloves,132939,1,Hands,Mail,nil,nil,nil,nil,armor,0.4,,,nil,,nil,,Mithril Bar|Mageweave Cloth,4|2,Ores and Ingots,1
2,Leatherworking,Light Mithril Boots,132541,1,Feet,Mail,nil,nil,nil,nil,armor|speed,0.3|1,,,nil,,nil,,Mithril Bar|Mageweave Cloth,4|2,Ores and Ingots,1
,,,,,,,,,,,,,,,,,,,,,,
,,,,,,,,,,,,,,,,,,,,,,
2.2,Leatherworking,Green Dragonscale Hauberk,132718,2,Chest,Mail,nil,nil,nil,nil,armor|stealth,0.8|0.4,,,nil,Yellow,nil,,Green Dragonscale|Mithril Bar|Heavy Leather,12|1|4,Ores and Ingots,1
2.2,Leatherworking,Green Dragonscale Coif,133117,2,Head,Mail,nil,nil,nil,nil,armor|stealth,0.7|0.02|0.4,,,nil,,nil,,Green Dragonscale|Mithril Bar|Heavy Leather,8|1|2,Ores and Ingots,1
2.2,Leatherworking,Green Dragonscale Gloves,132939,2,Hands,Mail,nil,nil,nil,nil,armor,0.4,,,nil,,nil,,Green Dragonscale|Mithril Bar|Heavy Leather,4|1|2,Ores and Ingots,1
2.2,Leatherworking,Green Dragonscale Boots,132541,2,Feet,Mail,nil,nil,nil,nil,armor,0.3,,,nil,,nil,,Green Dragonscale|Mithril Bar|Heavy Leather,4|1|2,Ores and Ingots,1
,,,,,,,,,,,,,,,,,,,,,,
,,,,,,,,,,,,,,,,,,,,,,
2.5,Leatherworking,Light Thorium Hauberk,132718,1,Chest,Mail,nil,nil,nil,nil,armor|fireResistMod,0.8|1,,,nil,,nil,,Thorium Bar|Mageweave Cloth|Thick Leather,12|1|6,Ores and Ingots,1
2.5,Leatherworking,Light Thorium Coif,133117,1,Head,Mail,nil,nil,nil,nil,armor|fireResistMit,0.7|1,,,nil,,nil,,Thorium Bar|Mageweave Cloth|Thick Leather,8|1|4,Ores and Ingots,1
2.5,Leatherworking,Light Thorium Gloves,132939,1,Hands,Mail,nil,nil,nil,nil,armor,0.4,,,nil,,nil,,Thorium Bar|Mageweave Cloth|Thick Leather,4|1|4,Ores and Ingots,1
2.5,Leatherworking,Light Thorium Boots,132541,1,Feet,Mail,nil,nil,nil,nil,armor,0.3,,,nil,,nil,,Thorium Bar|Mageweave Cloth|Thick Leather,4|1|4,Ores and Ingots,1
,,,,,,,,,,,,,,,,,,,,,,
0,First Aid,Linen Bandage,133685,1,Consumable,Bandage,nil,nil,nil,nil,,,,,RPT-C-Bandage1,,nil,,Linen Cloth,2,,
0.5,First Aid,Wool Bandage,133684,1,Consumable,Bandage,nil,nil,nil,nil,,,,,RPT-C-Bandage2,,nil,,Wool Cloth,2,,
1,First Aid,Silk Bandage,133671,1,Consumable,Bandage,nil,nil,nil,nil,,,,,RPT-C-Bandage3,,nil,,Silk Cloth,2,,
1.5,First Aid,Mageweave Bandage,133689,1,Consumable,Bandage,nil,nil,nil,nil,,,,,RPT-C-Bandage4,,nil,,Mageweave Cloth,2,,
2,First Aid,Runecloth Bandage,133681,1,Consumable,Bandage,nil,nil,nil,nil,,,,,RPT-C-Bandage5,,nil,,Runecloth,2,,
2.5,First Aid,Netherweave Bandage,133691,1,Consumable,Bandage,nil,nil,nil,nil,,,,,RPT-C-Bandage6,,nil,,Netherweave Cloth,2,,
3,First Aid,Frostweave Bandage,237266,1,Consumable,Bandage,nil,nil,nil,nil,,,,,RPT-C-Bandage7,,nil,,Frostweave Cloth,2,,
,,,,,,,,,,,,,,,,,,,,,,
0,Cooking,Brilliant Smallfish,133894,1,Consumable,Food,nil,nil,nil,nil,,,,,RPT-C-Food,,nil,,Raw Brilliant Smallfish,1,,
0.5,Cooking,Bristle Whisker Catfish,133916,1,Consumable,Food,nil,nil,nil,nil,,,,,RPT-C-Food,,nil,,Raw Bristle Whisker Catfish,1,,
0.5,Cooking,Glossy Mightfish,134301,1,Consumable,Food,nil,nil,nil,nil,,,,,RPT-C-Food_HP_1,,nil,,Raw Glossy Mightfish,1,,
1,Cooking,Sagefish Delight,133907,1,Consumable,Food,nil,nil,nil,nil,,,,,RPT-C-Food,,nil,,Raw Greater Sagefish,1,,
0.5,Cooking,Loch Frenzy,133889,1,Consumable,Food,nil,nil,nil,nil,,,,,RPT-C-Food,,nil,,Raw Loch Frenzy,1,,
0,Cooking,Longjaw Mud Snapper,133918,1,Consumable,Food,nil,nil,nil,nil,,,,,RPT-C-Food,,nil,,Raw Longjaw Mud Snapper,1,,
1,Cooking,Mithril Head Trout,133888,1,Consumable,Food,nil,nil,nil,nil,,,,,RPT-C-Food,,nil,,Raw Mithril Head Trout,1,,
2.5,Cooking,Nightfin Snapper,133909,1,Consumable,Food,nil,nil,nil,nil,,,,,RPT-C-Food_MP5_2,,nil,,Raw Nightfin Snapper,1,,
0.5,Cooking,Rainbow Fin Albacore,133911,1,Consumable,Food,nil,nil,nil,nil,,,,,RPT-C-Food,,nil,,Raw Rainbow Fin Albacore,1,,
3,Cooking,Smoked Redgill,133892,1,Consumable,Food,nil,nil,nil,nil,,,,,RPT-C-Food_Healing,,nil,,Raw Redgill,1,,
0.8,Cooking,Rockscale Cod,133890,1,Consumable,Food,nil,nil,nil,nil,,,,,RPT-C-Food,,nil,,Raw Rockscale Cod,1,,
1,Cooking,Smoked Sagefish,133906,1,Consumable,Food,nil,nil,nil,nil,,,,,RPT-C-Food_MP5_1,,nil,,Raw Sagefish,1,,
0,Cooking,Slitherskin Mackerel,133910,1,Consumable,Food,nil,nil,nil,nil,,,,,RPT-C-Food,,nil,,Raw Slitherskin Mackerel,1,,
1,Cooking,Spotted Yellowtail,133887,1,Consumable,Food,nil,nil,nil,nil,,,,,RPT-C-Food,,nil,,Raw Spotted Yellowtail,1,,
2.5,Cooking,Hot Smoked Bass,133889,1,Consumable,Food,nil,nil,nil,nil,,,,,RPT-C-Food_MP5_2,,nil,,Raw Summer Bass,1,,
2.75,Cooking,Poached Sunscale Salmon,133905,1,Consumable,Food,nil,nil,nil,nil,,,,,RPT-C-Food,,nil,,Raw Sunscale Salmon,1,,
2.75,Cooking,Baked Whitescale Salmon,133906,1,Consumable,Food,nil,nil,nil,nil,,,,,RPT-C-Food,,nil,,Raw Whitescale Salmon,1,,
,,,,,,,,,,,,,,,,,,,,,,
0.5,Cooking,Crispy Bat Wing,134002,1,Consumable,Food,nil,nil,nil,nil,,,,,RPT-C-Food,,nil,,Meaty Bat Wing|Mild Spices,1|1,,
0.5,Cooking,Herb Baked Egg,132834,1,Consumable,Food,nil,nil,nil,nil,,,,,RPT-C-Food,,nil,,Small Egg|Mild Spices,1|1,,
0.5,Cooking,Roasted Kodo Meat,134016,1,Consumable,Food,nil,nil,nil,nil,,,,,RPT-C-Food,,nil,,Kodo Meat|Mild Spices,1|1,,
1,Cooking,Fillet of Frenzy,133891,1,Consumable,Food,nil,nil,nil,nil,,,,,RPT-C-Food,,nil,,Soft Frenzy Flesh|Mild Spices,1|1,,
1,Cooking,Crocolisk Steak,134003,1,Consumable,Food,nil,nil,nil,nil,,,,,RPT-C-Food,,nil,,Crocolisk Meat|Mild Spices,1|1,,
1,Cooking,Crispy Lizard Tail,134939,1,Consumable,Food,nil,nil,nil,nil,,,,,RPT-C-Food,,nil,,Thunder Lizard Tail|Hot Spices,1|1,,